RT @fry_for: I may have lost the election yesterday to labour, but the labour machine was in full flow! Lots of labour executives there and‚Ä¶RT @D_Roopa_IPS: Attended the election briefing for election observers by Election Commission. Be a vigilant voter-- use cVIGIL to complain‚Ä¶RT @AvgAmerican3: @JackPosobiec Now the script will be flipped & Dems will continue to be look into for collusion. Quite incredible. Commit‚Ä¶RT @UttarandhraNow: ‡∞™‡∞µ‡∞®‡±ç ‡∞ï‡∞≥‡±ç‡∞Ø‡∞æ‡∞£‡±ç ‡∞ó‡∞æ‡∞∞‡±Å ‡∞Æ‡±Å‡∞ñ‡±ç‡∞Ø‡∞Æ‡∞Ç‡∞§‡±ç‡∞∞‡∞ø ‡∞Ö‡∞µ‡±ç‡∞µ‡∞æ‡∞≤‡∞ø - ‡∞Æ‡∞æ‡∞Ø‡∞æ‡∞µ‡∞§‡∞ø. ‡∞™‡±ä‡∞§‡±ç‡∞§‡±Å ‡∞ñ‡∞∞‡∞æ‡∞∞‡±Å. 
#‡∞ú‡∞®‡∞∏‡±á‡∞® #‡∞µ‡∞æ‡∞Æ‡∞™‡∞ï‡±ç‡∞∑‡∞æ‡∞≤‡±Å #‡∞¨‡±Ä‡∞é‡∞∏‡±ç‡∞™‡±Ä 
https://t.co/1ZvxmjcYE5RT @Roger_Da_Costa: Who would you now vote for in a General Election?RT @PremiumTimesng: Buhari set to win Nigeria‚Äôs presidential election https://t.co/C4ZZeJSpIFRT @NevadaJack2: President Trump‚Äôs campaign was never given a defensive briefing by the FBI, despite mounting concerns that Russians were a‚Ä¶RT @deemadigan: The arrogance of Gladys to not wait just days until the election  is extraordinary  #notgladgladys https://t.co/aJiBC2JQFSRT @News18India: ‡§è‡§ï ‡§¨‡§æ‡§∞ ‡§´‡§ø‡§∞ ‡§∏‡§§‡•ç‡§§‡§æ ‡§ï‡•Ä ‡§ï‡•Å‡§∞‡•ç‡§∏‡•Ä ‡§∏‡§Ç‡§≠‡§æ‡§≤‡•á‡§Ç‡§ó‡•á ‡§®‡§∞‡•á‡§Ç‡§¶‡•ç‡§∞ ‡§Æ‡•ã‡§¶‡•Ä !
#ElectionsWithNews18 
#BattleOf2019 
#‡§≤‡•ã‡§ï‡§∏‡§≠‡§æ ‡§ö‡•Å‡§®‡§æ‡§µ 2019 
https://t.co/‚Ä¶Education pr charcha election see pahle inext paper ke jariyeRT @VijayGoelBJP: Delhi is the world's most polluted city, parents worry a lot about polluted air that their kids are breathing. They want‚Ä¶RT @pbhushan1: Priyanka certainly struck the right notes in her short maiden speech at Gandhinagar yesterday."What is at stake in this elec‚Ä¶RT @olushola_shola: THE NEW FACE OF ELECTORAL FRAUD 
Governorship election result: Dapo Abiodun of APC got 241 ,670 
votes to defeat Akinla‚Ä¶RT @Supriya23bh: A delegation of Congress leaders meeting Election Commission now on issue of EVM-VVPAT... Sources : Congress will demand t‚Ä¶@ashokku47236013 @KuldeepVermaKD2 @myogiadityanath @anupmajaisbjp @drdineshbjp @pkumar5 Kindly request to honorable‚Ä¶ https://t.co/jynurHuZLsRT @GuardianNigeria: Former Deputy National Publicity Secretary of APC, Timi Frank, claims that the Presidency and security chiefs have hel‚Ä¶[8th National Assembly: Its Challenges and Feats | https://t.co/egkh08H8rN - Breaking News, Nigeria, Africa, Worldw‚Ä¶ https://t.co/mVVeLy8xLQLook At The Replies, I've Never Seen A Situation Where Politics Perpetuates Itself Like Nigeria's. https://t.co/W9h0Ie9qXX@ShehuSani Nigeria soldiers are learning how to rig elections bc after retiring they'll join politics.On one hand, I totally condemn any politics that is hinged on religion and not based on merits.

But Nigeria is a u‚Ä¶ https://t.co/y1EqNzqD1CRT @DeleMomodu: I love the type of politics of no victor  no vanquished I'm seeing in Yorubaland and I pray it spreads across Nigeria and a‚Ä¶RT @GuardianNigeria: Today in The Guardian ‚Äì Buhari shuns meeting with Bauchi, Adamawa governors. Get The Guardian on the newsstands for th‚Ä¶RT @DeleMomodu: I love the type of politics of no victor  no vanquished I'm seeing in Yorubaland and I pray it spreads across Nigeria and a‚Ä¶RT @accolade29: @DrJoeAbah @pius_adesanmi A thief is a thief would be a simple straightforward axiom anywhere except in Nigeria; one man‚Äôs‚Ä¶RT @DeleMomodu: I love the type of politics of no victor  no vanquished I'm seeing in Yorubaland and I pray it spreads across Nigeria and a‚Ä¶RT @GuardianNigeria: Today in The Guardian ‚Äì Buhari shuns meeting with Bauchi, Adamawa governors. Get The Guardian on the newsstands for th‚Ä¶RT @DeleMomodu: I love the type of politics of no victor  no vanquished I'm seeing in Yorubaland and I pray it spreads across Nigeria and a‚Ä¶@ShehuSani Military intervention has been a trademark of Nigeria politics. We saw it 2014 how @GovAyoFayose and Oba‚Ä¶ https://t.co/xdOzVO3WeART @DeleMomodu: I love the type of politics of no victor  no vanquished I'm seeing in Yorubaland and I pray it spreads across Nigeria and a‚Ä¶@imKachie @DeleMomodu If you understand nigeria politics, you will know it will happen.

There are still going to b‚Ä¶ https://t.co/D8dredDh5eRT @0fficialEmjay: I like to think that I‚Äôm not going into the ‚Äòlabor market‚Äô bcs I have a hustle which I‚Äôve been dedicated to and will eve‚Ä¶If God decides to come live in Nigeria for a year in human form, he will hit the Reset button on this country üòèEXCEPT the court decides otherwise, Imo State Governor Rochas Okorocha will not represent the Imo West Senatorial D‚Ä¶ https://t.co/PdxbUUTbnvRT @GhenhisKhan: I have been around long enough to know that supposed crime busters and underworld king pins are always partners and the su‚Ä¶@HenryTriiz @officialjaden @huncho_murphy He can put a water system in Africa. If he decides to choose Nigeria, he‚Ä¶ https://t.co/WiCY8oGwPlNigeria Decides 2019: How Davido reacted to INEC postponement of presidential¬†election https://t.co/DOVyxBWlnl https://t.co/P4m8ilsvV4Nigeria decides 2019: I Go Dye attacks Buhari, tells INEC chairman to¬†resign https://t.co/LqZkpIDgGh https://t.co/roAIKognQYNigeria decides 2019: Wizkid shades APC, PDP, advises¬†Nigerians https://t.co/iPKT4dBCoW https://t.co/AyF5hflaWHJust imagine if she decides to become the President of Nigeria someday, EDUCATION will be a must for everyone.

She‚Ä¶ https://t.co/UNmUJ12tCG@SubDeliveryZone @miakhalifa But imagine if this man was a Nigerian and he decides to bring Mia Khalifa to Nigeria to show his parents üòÇüòÇüòÇRT @OdunayoAdedeji: @Tlong06 @henryshield @MBuhari My dear brother, with the rate things are happening in Nigeria, if the President decides‚Ä¶@Tlong06 @henryshield @MBuhari My dear brother, with the rate things are happening in Nigeria, if the President dec‚Ä¶ https://t.co/QXZL3XLNPQRT @0fficialEmjay: I like to think that I‚Äôm not going into the ‚Äòlabor market‚Äô bcs I have a hustle which I‚Äôve been dedicated to and will eve‚Ä¶Nigeria decides: Banky W speaks on INEC‚Äôs¬†performance https://t.co/F9QuSdKCjZ https://t.co/vjxbYLCKwEImo Decides: How Uzodinma worked for PDP - Okorocha - Daily Post Nigeria https://t.co/fmJH5SDrhQ@aiknil @deborah98507281 @OfficialPDPNig @officialKolaO @atiku @UcheSecondus You dey mind her? She get data na.RT @DOlusegun: PDP members are absolutely happy with Kwankwaso nepotism in Kano but they vilify Rochas for doing same in Imo. They want Gan‚Ä¶@ProfOsinbajo @number10gov @POTUS @EU @AU_PSD @ecowas_cedeao @PutinRF_Eng @UKParliament @AustriaUN @RotimiAmaechi‚Ä¶ https://t.co/4pxKh0xBKj@paul_adejumo @MobilePunch Ur mumu Neva do...OBJ/Atiku that can't deliver their polling unit want to win tribunal.

Yeyeye! Yeyenatuh!!RT @Olorienem: Atiku haven't condole with families of deceased Lag collapse building. If it's during campaign, he would've been 1st before‚Ä¶RT @cuppyfans: You're allowed to pick just one, choose wisely 

1. 25m 
2. Become a governor for only 2years
3. Move to Canada 
4. Get to d‚Ä¶RT @DOlusegun: PDP members are absolutely happy with Kwankwaso nepotism in Kano but they vilify Rochas for doing same in Imo. They want Gan‚Ä¶RT @kakra68: "Obasanjo is also a thief. I will soon write my own book 'My Experience' to buttress my fact". ~Atiku@osydea Fungsi doi adalah seperti karet. Mengareti atiku. Agar tdk ambyarRT @lawalt2010: ...Abuja residents have the most stable power supply in the country before now...But they went with Atiku in the last elect‚Ä¶@ProfOsinbajo @number10gov @POTUS @EU @AU_PSD @ecowas_cedeao @PutinRF_Eng @UKParliament @AustriaUN @RotimiAmaechi‚Ä¶ https://t.co/YbPPQlULiDRT @DOlusegun: PDP members are absolutely happy with Kwankwaso nepotism in Kano but they vilify Rochas for doing same in Imo. They want Gan‚Ä¶RT @mp_maniac: Election has come and Gone

Durotoye, Moghalu Sowore & others have suddenly gone silent!
They said they believed in Nigeria,‚Ä¶RT @exquisiteOG: Dear Alh @atiku ,millions of your supporters like me,voted for you bcos we knew you would b a more reasonable & humane lea‚Ä¶RT @OmoseKingsley: THECABLE: As soon as Buhari announced the name of Amaechi for the Christian prayer (at FEC meeting), one of the minister‚Ä¶RT @PremiumTimesng: Buhari set to win Nigeria‚Äôs presidential election https://t.co/C4ZZeJSpIFRT @olushola_shola: 'ARAB SPRING LOADING' If INEC and Buhari try anyhow for Kano, they will see anyhow! These Kano Malams are 'ba maigana'‚Ä¶RT @theyvied007: @BienoseM @sisi_alagboeko And we day buhari is a illiterate but he is going to break the records of all our politicians by‚Ä¶RT @BoomSha34093605: It's like Buhari doesn't care if APC wins in these states. PDP is doing broad daylight rape in full view of everyone a‚Ä¶RT @cuppyfans: You're allowed to pick just one, choose wisely 

1. 25m 
2. Become a governor for only 2years
3. Move to Canada 
4. Get to d‚Ä¶@Ody_johnson @emem_robert2 @GEJonathan And how is dis lowering it. Please lest be honest. He isn't about the presid‚Ä¶ https://t.co/un2hGfEPqFRT @aktas_zynp_: Ey Kitabƒ± indiren!
Ey Bulutlarƒ± y√ºr√ºten!...
D√º≈ümanlarƒ± bozguna uƒürat, 
Onlara kar≈üƒ± bize yardƒ±m et ve bize zafer ver.
(Buh‚Ä¶After successful CBN‚Äôs (Rice) Anchor Borrowers Programme (ABP) by President Muhammadu Buhari administration, the pr‚Ä¶ https://t.co/eTdOMUcEOJRT @lawalt2010: ...Abuja residents have the most stable power supply in the country before now...But they went with Atiku in the last elect‚Ä¶RT @QdPaper: 240 million Naira wasted, APC can not maintain their giant broom üßπ how will they manage Nigeria ü§®ü§®ü§® #Buhari https://t.co/fQmbU‚Ä¶